Theme: Population,,,,,,,,,,,,,,,,,,,,,,,,,,,,,,,,,
"Subject: Education, Language Spoken and Literacy",,,,,,,,,,,,,,,,,,,,,,,,,,,,,,,,,
Topic: Highest Qualification Attained (HQA),,,,,,,,,,,,,,,,,,,,,,,,,,,,,,,,,
"Table Title: Singapore Residents Aged 25 Years & Over By Highest Qualification Attained, Sex And Age Group, Annual",,,,,,,,,,,,,,,,,,,,,,,,,,,,,,,,,
,,,,,,,,,,,,,,,,,,,,,,,,,,,,,,,,,
Data last updated: 03/02/2023,,,,,,,,,,,,,,,,,,,,,,,,,,,,,,,,,
Source: SINGAPORE DEPARTMENT OF STATISTICS,,,,,,,,,,,,,,,,,,,,,,,,,,,,,,,,,
,,,,,,,,,,,,,,,,,,,,,,,,,,,,,,,,,
,,,,,,,,,,,,,,,,,,,,,,,,,,,,,,,,,Number
Data Series,2022,2021,2020,2019,2018,2017,2016,2015,2014,2013,2012,2011,2010,2009,2008,2007,2006,2005,2004,2003,2002,2001,2000,1999,1998,1997,1996,1995,1994,1993,1992,1991,1990
Total,3085300,2978300,2977800,2922700,2877000,2846000,2795200,2750900,2732600,2669100,2626400,2601900,2576000,2523000,2441300,2448400,2408600,2308500,2282400,2263000,2198900,2126900,2074000,2067300,2020800,1969700,1916400,1860900,1816800,1768400,1730600,1679300,1622300
  25 - 29 Years,215400,254800,268900,252300,251800,242300,253000,232800,231700,223700,223200,230900,249400,237800,228000,231800,231200,235700,230000,232400,233400,242800,250500,251500,242200,248300,240700,239900,256100,255300,271400,272100,281500
  30 - 34 Years,305500,325600,296000,273200,263800,262300,268200,269900,276900,274600,271700,280100,289300,280200,272900,288000,282000,288000,281700,287200,281000,278000,279500,293400,290000,293000,298200,292400,291000,283400,292200,288300,292700
  35 - 39 Years,308600,310400,297800,296900,303400,305700,288900,300200,287900,297500,302300,306900,317300,312900,307900,304300,298600,302800,292400,308500,320100,318800,310700,309900,307700,303400,305800,301200,291500,278300,266700,259900,252600
  40 - 44 Years,333100,309100,298100,304500,313100,320000,304000,315300,305100,310300,310800,302300,303500,311900,314400,317600,321800,319400,322400,314800,313900,311700,304500,300300,299600,286200,278700,264400,248300,248900,232100,226500,203900
  45 - 49 Years,343400,302000,311500,323000,313200,313700,301100,301500,298600,315100,319200,321700,319600,319000,316000,324300,322600,300300,303000,293800,281500,267900,256800,251800,252200,244500,233900,211300,190400,175700,155100,137700,127500
  50 - 54 Years,304100,260600,294200,311900,316600,307800,321700,319400,318300,318900,313200,309600,303600,298400,290000,284900,276000,256800,250500,243300,235100,223400,204900,186100,171400,154900,130900,132800,142200,141900,145000,136300,117500
  55 - 59 Years,310700,286200,306300,316100,299000,285000,299500,296700,296400,280200,272100,267400,252800,233300,228100,229700,224000,201200,190300,170500,150100,121000,125000,131900,132100,133000,127800,121700,118900,113700,108300,107200,99800
  60 - 64 Years,295300,302500,286000,266200,274800,261700,261400,248200,246200,229400,219700,209400,196400,182100,160300,144000,130800,120000,127900,132400,127700,121600,110700,113400,102000,99100,95600,97200,96000,95100,93200,89600,82800
  65 Years & Over,669200,627000,619000,578600,541400,547500,497300,467000,471500,419500,394100,373700,344100,347400,323700,323600,321500,284300,284100,280100,256100,241900,231300,229000,223700,207300,204600,200000,182500,176100,166600,161700,164100
Total - Below Secondary,646300,643900,757800,745700,761500,813800,819300,800000,832100,833300,848200,869800,888200,928600,899000,987500,993700,937600,1004900,1015900,1004900,997200,939600,1027900,1023500,1041700,1019300,976800,1030300,1034000,1028300,1026200,1027100
  25 - 29 Years,4200,5300,7800,8100,8700,7600,9500,9400,10000,10000,9800,12600,12000,15500,15200,20800,19800,21000,24800,25300,28900,33200,35600,43100,46900,49400,50700,56400,77300,86600,97400,104800,111500
  30 - 34 Years,8200,8200,11500,10500,10700,11100,12500,13400,14000,13900,16400,19400,20800,24800,25400,33200,36400,38200,46300,46800,47600,54600,61700,79600,85600,96400,104800,100700,113100,116200,120100,125900,138200
  35 - 39 Years,13800,11600,16300,15700,17000,18700,20500,20000,21300,27200,30500,31900,38200,46400,43900,53700,56300,65400,72000,86600,100300,110700,102200,115400,113800,124900,130300,124700,136100,138300,136900,138600,140400
  40 - 44 Years,18700,17600,22700,24400,28200,32400,32400,35800,39700,42600,46100,52000,63800,75900,82300,97000,108000,104900,121800,122500,124000,132200,124700,140300,140000,146700,142000,128500,136500,136600,132600,134800,129400
  45 - 49 Years,29900,27800,38000,39800,43300,47600,55100,59400,62300,78800,87200,97000,105500,112600,113100,129600,136400,126400,139100,141200,140600,139500,124900,135500,137300,140800,139300,121200,119800,114800,105100,97200,93700
  50 - 54 Years,43100,41700,61100,69900,82200,90700,101800,99700,102300,109500,115700,119200,127900,134800,133600,147500,143100,130300,140100,140400,137500,130300,117800,118000,109800,106300,89700,90400,104600,105200,110100,104900,95100
  55 - 59 Years,78400,80800,101500,105300,100400,106100,116400,118900,124900,121900,125000,129300,128600,122800,122200,135600,132400,122000,120700,110200,100900,84100,85600,96900,101000,102500,96400,91700,95000,92800,89900,90800,88300
  60 - 64 Years,100900,108500,117100,110400,124600,126800,128600,118200,122800,119300,119200,120400,117500,116000,102600,97600,91300,85300,95600,98900,98800,96400,84400,92200,84200,84900,80800,82700,83000,82500,82800,80200,76500
  65 Years & Over,349300,342300,381900,361500,346400,372900,342500,325300,334700,310100,298300,288000,274000,279700,260800,272600,269800,244000,244400,243900,226300,216100,202700,206900,205000,189800,185400,180500,164700,161100,153600,149200,154100
Total- Secondary,492200,492600,484300,503700,511200,488800,500400,519200,502500,501200,499800,510900,490600,566400,555800,535500,529800,487800,503300,516300,528300,511700,496900,501900,493300,470600,475400,488400,438900,417700,408800,397300,382500
  25 - 29 Years,11300,14600,15900,17700,20600,18300,20300,19600,21500,23300,23700,28400,29700,40100,37100,39800,42000,39000,45300,48400,56700,64300,60100,72800,69300,78200,80200,78700,84500,81500,92700,95400,110800
  30 - 34 Years,21300,21800,20800,22900,24200,23900,25500,28100,27700,32800,31400,34400,37300,49500,48900,54800,57700,56500,64600,75500,79200,81800,76200,89500,92400,92600,99000,103100,100400,99400,104000,102400,101100
  35 - 39 Years,26800,28600,28800,32100,31900,35500,32700,38900,34500,38500,43400,47700,52300,70500,72500,73400,75200,74500,80100,86900,93200,93400,96000,100100,103000,100400,103400,102500,93500,84800,79800,76600,72600
  40 - 44 Years,33900,31000,34100,38000,41200,46000,49800,54600,51200,57700,66000,66300,67300,88600,87300,89900,89100,88200,91700,97300,102100,97900,94000,90600,90100,79300,80500,85400,69700,68900,62300,58800,47400
  45 - 49 Years,46600,47400,49400,54700,61400,61800,63000,68000,66400,76200,78900,82900,85000,95100,96600,100300,96700,84100,85900,80800,78400,72200,73300,69800,68400,60000,56700,55300,42100,35900,27700,23100,20400
  50 - 54 Years,56200,54900,64500,73900,78000,74000,82000,85500,88000,87600,85400,89700,82300,87700,86100,73700,73300,66200,62100,57400,57300,53700,47300,38900,35500,25800,21900,24800,19500,19500,17800,17500,13000
  55 - 59 Years,72000,72600,79000,85500,83100,76900,83600,83500,81600,71700,70400,72000,62600,63600,61100,52400,51600,42500,36000,32300,27900,19600,19700,17300,15600,15800,15300,17400,11900,11400,9900,9600,6700
  60 - 64 Years,79900,81500,77200,73600,71900,64900,65700,68500,63700,56200,53500,48000,40800,36200,32700,23800,19000,17200,16900,17500,15200,13500,13300,10900,8500,7500,8000,8700,6900,7300,6200,5900,3900
  65 Years & Over,144100,140100,114800,105300,98900,87600,78000,72600,68000,57200,46900,41500,33300,35200,33400,27300,25200,19500,20600,20100,18200,15400,16800,12000,10500,11000,10400,12500,10400,8900,8300,8000,6600
Total - Post Secondary (Non-Tertiary),308000,281300,296900,265900,260700,253500,249800,250500,238000,232400,239400,230300,244800,144200,159200,154500,152100,210700,146200,146600,145500,139400,185300,135900,132100,129300,127300,146100,120000,111600,108500,100400,76700
  25 - 29 Years,19900,21900,29000,22800,24700,24400,26200,25200,23300,23200,24700,24500,29700,14000,17100,18500,15800,24100,16300,17400,18900,21900,33500,25400,25900,28500,28000,32800,28300,24800,25500,24000,18300
  30 - 34 Years,23500,27700,29000,24500,22900,23500,23100,22000,23700,22000,22400,23700,27800,12700,15100,19000,21700,33300,23600,25700,28000,27300,34700,25200,24800,24900,23600,29000,23800,22700,23300,23800,20600
  35 - 39 Years,25600,24300,27200,22500,24300,22700,21800,26000,22200,22200,27500,32400,38000,21100,25100,25100,25600,36400,24200,23900,25900,22400,30000,23600,24100,22300,22400,28200,22400,20700,19700,19000,16000
  40 - 44 Years,24000,22900,25700,23600,25700,28300,28600,32400,31400,34400,34000,34100,36300,20400,25300,22300,22600,33500,21600,22600,23200,23200,29600,20900,21600,19900,19700,20700,15800,18300,16000,13400,10400
  45 - 49 Years,31100,30700,35900,36600,33700,33800,34100,34100,30800,31800,35200,32600,32600,21800,23600,22500,21200,31100,22700,21000,19900,17300,22400,15700,15400,15000,13900,14800,11600,9800,9200,6900,4500
  50 - 54 Years,35600,29800,35700,35100,34800,32600,32000,33900,34800,33800,34700,29900,30900,19200,20300,18300,16900,23000,15000,13200,12800,13300,16200,10400,8900,7900,7300,7900,7600,7100,7600,6400,3000
  55 - 59 Years,37900,33200,34500,32400,33400,29300,32500,29800,29100,28400,27000,23600,22100,15000,13700,12500,12300,14300,11300,10100,7200,5900,8100,6800,5800,6100,6500,6100,4900,3700,3300,3100,1600
  60 - 64 Years,39000,38300,32000,27600,26600,26900,24800,22500,19200,17400,16700,14200,13500,9200,7900,6900,6600,6500,4900,5900,5300,4500,5500,4200,2900,2400,3000,2800,2200,1800,1900,1500,900
  65 Years & Over,71500,52600,47800,40900,34800,32100,26700,24600,23500,19200,17200,15400,13900,10700,11000,9400,9500,8400,6600,6700,4300,3600,5300,3600,2800,2500,2900,3700,3400,2700,1900,2200,1500
Total - Diploma & Professional Qualification,521900,486200,456800,461200,434900,415900,411500,405500,401800,372600,364600,352300,342400,314900,295100,278700,261100,267800,231200,216500,196600,189700,202300,163800,151600,133300,121600,108800,95100,83800,79700,67200,59100
  25 - 29 Years,54600,60100,66000,62800,61400,61200,62600,59700,59100,55500,59400,59900,63700,63700,60000,64400,62500,64000,59600,58500,53900,53200,54500,46100,43200,39800,35200,32500,28300,27200,25100,21100,18200
  30 - 34 Years,63500,72300,63300,59500,56900,55400,58700,62300,66300,63100,63000,66500,66900,61500,61100,58500,54800,58400,51800,47400,44600,42700,44400,39300,37000,31700,27000,24800,23100,18000,19900,17000,14400
  35 - 39 Years,68300,66300,64400,65600,68200,67700,65700,66500,66700,66200,63900,60500,62200,56900,54200,49300,45500,46100,39300,37300,33700,35100,35500,28800,24400,22400,20700,21000,16300,14100,12700,10000,9700
  40 - 44 Years,78700,70400,65800,67000,68900,66600,63200,62500,59500,55900,54100,50000,48000,42900,39000,37500,34300,35200,28600,25700,24400,22000,26600,20200,19900,15400,14300,12400,10500,9800,8400,7700,6900
  45 - 49 Years,77200,62800,60000,62800,56500,56100,49900,50700,48100,44500,44100,40200,36200,34700,31100,29100,25100,26100,20900,19200,16400,16100,17100,12000,12000,10800,10400,8700,6600,5300,5300,4600,3900
  50 - 54 Years,56700,45300,46200,48000,42400,39200,41000,39000,36700,33400,31400,32000,27000,23600,20800,17200,15500,16100,13300,13300,10600,10300,11500,7200,7100,6000,5500,4300,4300,4300,3800,3200,2900
  55 - 59 Years,44200,38200,32900,39000,33400,28800,28300,27800,26700,23700,21100,19000,17300,12200,12800,11300,10800,10700,8300,7500,6500,4700,5700,4600,3900,3500,4000,3000,2800,2100,2000,1700,1600
  60 - 64 Years,34100,32300,25900,24800,20900,18000,19700,17000,17800,15500,12800,11500,11100,9400,7900,6300,5900,5300,4200,4000,3600,2700,3800,3000,2400,1900,1900,1100,1600,1700,1200,900,700
  65 Years & Over,44600,38400,32200,31700,26300,23000,22400,20000,20900,14900,14900,12600,10100,10000,8100,5000,6600,5900,5100,3800,3100,2800,3100,2500,1900,1700,2500,1000,1600,1400,1200,1100,800
Total - University,1116900,1074300,982000,946200,908700,874000,814200,775800,758100,729700,674400,638600,610000,568900,532200,492100,471900,404600,396900,367700,323500,288900,249900,237900,220300,194800,172700,140800,132500,121400,105400,88200,77000
  25 - 29 Years,125500,153000,150200,140800,136300,130800,134400,118900,117800,111800,105600,105500,114300,104500,98600,88200,91100,87500,84100,82800,75100,70200,66800,64200,56900,52500,46500,39500,37700,35300,30700,26800,22700
  30 - 34 Years,189000,195600,171400,155800,149100,148500,148400,144100,145100,142900,138500,136100,136500,131600,122300,122400,111500,101500,95300,91800,81600,71500,62500,59700,50200,47400,43800,34700,30500,27100,24900,19200,18400
  35 - 39 Years,174200,179500,161100,161000,162000,161200,148100,148900,143200,143400,137000,134400,126600,118000,112200,102800,96000,80300,76800,73700,67000,57300,46900,42000,42500,33500,29000,24800,23200,20400,17700,15600,13900
  40 - 44 Years,177800,167200,149900,151500,149200,146900,130000,130100,123300,119700,110700,99900,88100,84100,80400,70900,67800,57600,58600,46600,40100,36400,29600,28300,27900,24900,22300,17500,15700,15200,12800,11800,9800
  45 - 49 Years,158600,133400,128100,129100,118400,114400,99000,89400,91000,83800,73800,69000,60400,54700,51500,42900,43200,32600,34300,31600,26200,22700,19000,18700,19200,17900,13700,11300,10300,10000,7800,6100,5100
  50 - 54 Years,112600,88900,86700,85100,79200,71400,65000,61300,56500,54600,46000,38900,35500,33200,29200,28100,27200,21100,20000,19000,17000,15700,12100,11600,10200,8800,6500,5400,6300,5900,5600,4400,3500
  55 - 59 Years,78200,61400,58400,53900,48700,43900,38600,36600,34100,34400,28500,23300,22300,19700,18400,17800,16800,11800,13900,10200,7600,6700,5900,6300,5800,5100,5600,3500,4200,3600,3200,1900,1700
  60 - 64 Years,41400,41900,33900,29800,30900,25100,22600,22000,22700,21000,17500,15300,13500,11100,9200,9400,8100,5800,6300,6200,4800,4400,3700,3100,4100,2400,2100,1800,2300,1800,1200,1100,800
  65 Years & Over,59700,53600,42300,39200,35000,31900,27900,24500,24500,18200,16800,16300,12700,11900,10500,9400,10400,6600,7500,5700,4200,4000,3300,3900,3500,2300,3400,2300,2300,2100,1600,1300,1100
Total Males,1478800,1430900,1412900,1394900,1376600,1363300,1334500,1316000,1309900,1277800,1259100,1249500,1242400,1210900,1177600,1178800,1164000,1117600,1107000,1096200,1067300,1031200,1012700,1009300,981600,964600,939100,916600,894200,875400,854700,831400,810800
  25 - 29 Years,105100,125700,128700,126500,121600,118400,122300,111100,113100,105600,107400,110900,118200,113400,106900,107800,106400,111900,108500,107200,108000,113100,118700,117100,113800,118700,112400,118600,126100,128500,134300,136500,142000
  30 - 34 Years,149400,155000,140200,129500,124800,122400,125900,126800,129300,128800,126500,130400,136800,131700,126000,135900,130900,136300,133300,135000,131000,132200,136000,144100,139100,143500,144700,144100,143300,139100,148800,145000,149100
  35 - 39 Years,146200,150100,139200,137000,141800,144300,138200,140500,139200,141400,142900,147100,152800,144300,148100,148800,144700,146200,141600,152300,159800,157500,156300,157400,154100,152300,154000,151700,146400,138900,132200,132200,128700
  40 - 44 Years,153700,147800,139000,141200,151500,154800,143800,151300,146800,147500,147900,143500,148100,154100,153300,156400,159300,161700,163000,158600,158900,156500,152900,149700,148900,143900,140500,134100,125000,125800,115500,112000,103200
  45 - 49 Years,164100,147600,150800,156400,151100,151000,144600,146500,144500,155500,157800,160200,159300,158400,160100,159400,161800,150600,152500,148000,140300,135800,128700,125700,126500,123600,118900,105100,96300,88700,76700,66400,64200
  50 - 54 Years,147600,125400,143500,151400,156900,153600,158600,159300,155600,156600,154700,154000,151900,148200,144700,142400,141400,128300,127400,122300,120600,114000,102400,93200,85000,78600,66200,66600,69900,70700,71300,68300,59100
  55 - 59 Years,157900,139400,149700,154300,150000,142700,148300,148800,146700,138700,136500,132300,127200,117800,115300,116800,113300,99600,94900,85400,73600,59100,61900,65100,65600,64700,63500,60200,57600,55100,54700,54000,49700
  60 - 64 Years,145500,145600,138900,135200,133400,128400,130200,123400,122900,115400,109900,104400,96500,88000,79500,69600,63700,59000,62800,64100,60800,58400,53500,54200,49300,48900,47100,47500,47700,47200,45900,45500,40900
  65 Years & Over,309400,294500,282900,263300,245400,247700,222600,208300,211900,188200,175400,166800,151500,155100,143700,141800,142400,124100,123200,123200,114300,104600,102200,102800,99200,90400,91800,88700,81800,81500,75300,71600,73800
Total Males - Below Secondary,276600,281200,324400,319200,320000,349000,349400,345100,363400,360600,368000,378900,388600,409700,401400,448900,449800,413300,453500,461600,457600,451200,422300,475500,468800,478000,474900,445800,480600,486700,484900,486100,491800
  25 - 29 Years,2000,2500,3900,4100,3900,3300,4400,4400,5600,4100,4600,5600,4800,7400,7500,9700,8700,9300,11500,11700,13400,15100,16200,18700,21900,22600,24300,28600,41200,46400,52300,56800,60400
  30 - 34 Years,4000,3900,4800,4400,3400,4300,4700,5700,4900,6000,7500,7100,8100,10000,10800,15200,15500,15500,19200,20400,20200,24300,29200,39200,41800,47700,52100,49500,57600,58700,63500,65100,71500
  35 - 39 Years,5500,5800,6000,6200,6300,7100,8000,8000,8800,11200,11100,12000,14900,17700,18000,24600,25000,28300,32800,40700,48400,52900,50300,58000,56000,60900,67200,60400,66800,68200,66200,68500,67400
  40 - 44 Years,7700,7900,8800,8300,11900,13200,11800,15200,16600,17000,19400,21100,28500,34700,37300,46800,53200,50600,59700,60900,61600,65200,60300,69400,68500,70100,65900,58900,63700,63400,61000,61500,60500
  45 - 49 Years,11400,11400,15500,17100,16300,19500,23200,26900,27300,36100,41100,46200,51200,54900,57000,63200,68100,60900,69200,68600,67000,67400,56800,64200,62000,64800,64500,54000,54800,52500,46900,42300,43200
  50 - 54 Years,17100,19200,27800,32500,38400,43800,49700,47600,49300,51900,55500,59000,61800,64700,64700,70600,69200,58400,65400,66000,64000,60100,52300,55100,48700,48700,41600,40600,46300,47300,48600,47800,44200
  55 - 59 Years,40100,38400,48700,51200,47700,53300,54100,57800,61400,57300,58500,60300,59200,56300,55300,64700,59900,54500,55100,50600,46000,36100,37700,42800,45600,45400,43500,40900,42000,41100,42200,42700,41500
  60 - 64 Years,49400,51500,55800,54300,56200,57300,59200,53500,55400,53100,51800,53600,52000,51100,46200,44000,40500,37600,42600,43200,42800,42600,36700,40600,38200,39300,37200,37600,38100,38200,38100,38900,36500
  65 Years & Over,139300,140500,153000,141200,136000,147100,134400,125900,133900,124100,118400,114000,108000,113000,104600,110100,109600,98200,98100,99400,94300,87600,82700,87500,86100,78400,78600,75300,69800,70800,66200,62400,66600
Total Males - Secondary,220800,211200,215000,220900,225500,216900,218600,227400,217000,220700,217900,225900,222400,261700,248200,237700,238200,230900,232400,234400,240800,235400,240900,232100,228900,222300,224700,242200,208100,200300,193400,192000,190700
  25 - 29 Years,6000,8900,8500,9700,10600,8900,9900,9000,10400,11700,11400,14400,14900,21400,17400,18200,19600,18700,21500,22100,24600,28200,28200,31600,30000,34000,33600,34800,34900,34200,37300,41200,50100
  30 - 34 Years,10400,11000,9800,10900,10700,10600,11200,11700,12900,15000,13200,15400,17100,21500,19800,23500,22300,25400,27600,29600,33100,34300,32700,37600,37500,38100,41800,47000,42900,43700,46900,46600,47200
  35 - 39 Years,12700,13300,13500,14700,14700,15700,14200,16000,14500,16300,18100,20000,23100,29800,29100,30100,30000,32100,32000,35300,40100,38700,43600,46200,46500,46500,45100,48900,42100,37500,35700,35800,36100
  40 - 44 Years,13900,12200,15500,15600,17400,18200,19200,22700,20800,23000,26400,25400,27000,38100,34900,36200,36400,40100,40200,43500,44200,44200,44400,39800,39500,37100,39200,42700,34700,34700,30100,28600,24800
  45 - 49 Years,20100,18200,21600,23000,25600,26400,25200,27600,25200,30600,30200,34700,35600,40700,42400,42600,42500,38000,39200,36600,34800,33800,36400,32300,34700,30400,30200,29200,22300,19500,15000,12400,11900
  50 - 54 Years,23500,21700,26400,27200,29900,30800,33100,35500,34700,38200,35300,36600,36000,39600,37700,35100,34800,32600,31000,27500,29800,27300,25100,19100,19600,14500,12500,14500,11400,11600,11000,10900,8400
  55 - 59 Years,31300,27900,32500,35100,37300,32600,37200,36000,34300,29700,32100,31500,29300,32200,30000,24600,27400,21600,18000,16700,13800,11200,11300,10500,9100,9300,9300,10500,7700,7400,6600,6600,4700
  60 - 64 Years,34900,32500,32900,32400,30500,28500,29700,30700,29600,26000,26400,23800,20000,18500,17200,11100,10100,9700,10000,9800,8700,8100,8200,6700,4900,4800,5400,6000,5100,5300,4400,4300,2700
  65 Years & Over,68000,65600,54300,52400,48900,45300,38900,38300,34600,30300,24800,24100,19300,19900,19700,16200,15200,12700,12700,13100,11700,9600,11100,8200,7200,7600,7600,8600,7100,6300,6200,5700,4800
Total Males - Post Secondary (Non-Tertiary),160300,151300,158100,143600,143100,135400,139300,137300,130200,127700,132100,127500,132200,71400,87600,79300,78100,107900,72800,73800,74900,71700,93600,63700,60900,61300,62200,73400,60700,55800,55200,50300,40000
  25 - 29 Years,11900,13200,18100,14400,14600,16100,16900,16200,14900,13900,15100,15900,17700,8800,11100,11800,9300,13900,9500,9500,10400,11200,16300,11400,10900,12000,12200,14900,12400,11200,11400,10400,7800
  30 - 34 Years,13700,15600,17700,13600,12600,13700,14500,12200,13300,13100,12800,13500,15100,6900,9000,9900,12200,15800,10600,12300,13400,13000,15800,11200,10400,10300,9900,12800,9900,9200,9700,9500,9500
  35 - 39 Years,13400,13200,15300,12100,14300,11600,12400,14200,12200,11800,14700,16600,19100,9300,13300,12300,11400,17200,11100,9900,12100,11200,14500,9200,9700,9400,10100,13200,10900,9800,10300,9800,8900
  40 - 44 Years,13900,12200,13900,12400,13800,14400,15200,16100,16200,17200,17100,16900,18300,9400,12200,10400,10200,15800,10300,9800,10800,10300,14200,9200,9800,9400,10800,11500,8900,10200,9000,7600,6200
  45 - 49 Years,16500,17700,18400,19000,17200,16500,16700,16200,15700,17200,17700,16500,17000,8500,11800,9600,9400,15500,10100,11000,10000,9200,11900,8300,8000,8400,7700,8100,7000,5900,5500,4300,2900
  50 - 54 Years,17500,14400,17300,17200,18500,16100,16800,17900,18600,17000,17500,15500,16000,8300,10300,8700,8700,13000,8200,7400,7300,7800,9100,5800,4700,4800,4300,4800,4600,4200,4700,3900,2000
  55 - 59 Years,18600,17200,16300,16100,17100,13700,16900,16100,14000,15400,15800,13800,12500,8200,8400,7200,6800,8400,6400,5800,4400,3900,5000,3800,3600,3700,3700,3900,2900,2300,2000,2200,1100
  60 - 64 Years,18000,18600,15000,14900,15200,15100,14200,13900,11800,10500,10500,9100,8000,4900,4600,4000,4000,3900,3000,3900,3400,2800,3300,2600,1700,1500,1600,1700,1700,1300,1600,1000,600
  65 Years & Over,36800,29100,26000,23900,19900,18200,15700,14500,13600,11500,10900,9500,8400,6900,6900,5500,6000,4500,3600,4400,3000,2500,3600,2300,2100,1700,1900,2400,2400,1800,1100,1600,1000
Total Males - Diploma & Professional Qualification,256800,247100,230000,235500,219500,208500,211800,205300,203600,189200,187400,186100,177300,165800,154500,147200,138700,141400,124300,117200,110500,105200,111100,94200,90300,83800,73600,68600,61900,55800,52800,46100,40100
  25 - 29 Years,28300,31600,34900,34800,32200,31500,33700,29700,31500,28000,30900,30700,31200,31700,27900,32300,30600,31200,28900,27100,27000,25500,26300,22800,22500,22300,19300,19100,17200,17100,16000,13900,11800
  30 - 34 Years,31200,37300,31100,28800,28100,26800,27200,29900,31200,30900,29900,33100,32000,31200,28900,27300,26000,27500,25000,22900,21800,21400,22900,21200,21100,19800,15900,14800,15200,11800,13900,11900,10000
  35 - 39 Years,32800,31900,30900,31300,30900,33300,32100,31200,31100,31000,30600,29300,29400,26500,27100,24400,23600,22700,21100,21400,19400,20400,19700,17900,14900,14600,13600,13600,11300,9700,8600,7100,7100
  40 - 44 Years,35000,33300,29500,31500,32700,31100,29700,28000,26800,25000,24700,25300,24200,21100,20600,20200,18900,20000,16700,15800,15700,13700,15700,13200,13000,11000,9400,8900,7300,7200,5800,5800,4800
  45 - 49 Years,34500,30100,27800,29600,26900,25700,24400,25600,23700,21700,23600,21600,19500,20700,18400,17700,14900,15600,13000,12100,11400,10600,10900,7900,8600,7400,7000,5800,4600,3700,3500,2900,2600
  50 - 54 Years,27700,21800,22800,23800,22100,20300,21800,20500,20400,17700,17500,19100,15900,14500,13100,10800,10300,10200,8800,8600,7200,6900,7300,4500,4700,4000,3300,2900,2900,3300,2500,2100,1900
  55 - 59 Years,22000,19400,17300,21200,17300,14800,16400,16100,15700,14500,12500,12100,11400,7900,9100,7600,7200,6800,5200,5000,3900,3100,3700,3200,2700,2500,2700,2200,1700,1300,1300,1200,1100
  60 - 64 Years,18300,18100,15000,14500,12600,10900,12000,11200,10700,11000,8500,7400,7200,5600,4700,3800,3400,3500,2500,2400,2400,1800,2500,1900,1400,1200,1300,700,1000,1000,700,600,500
  65 Years & Over,27000,23600,20600,20100,16600,14300,14500,13100,12600,9200,9100,7600,6500,6600,4800,3100,3700,3800,3100,2000,1800,1700,2200,1600,1200,1000,1200,600,700,800,500,700,400
Total Males - University,564400,540100,485400,475700,468400,453400,415500,401000,395700,379700,353700,331300,321900,302400,285900,265700,259300,224200,224000,209100,183500,167700,144800,143800,132900,119300,103600,86500,82900,76800,68400,56900,48100
  25 - 29 Years,56900,69500,63300,63500,60300,58600,57500,51800,50700,47900,45400,44300,49600,44100,43100,35800,38200,38800,37100,36800,32600,33200,31800,32500,28500,27800,23000,21100,20300,19500,17300,14200,11800
  30 - 34 Years,90000,87200,76800,71900,70100,67000,68300,67300,66900,63800,63100,61200,64400,62100,57600,60000,55000,52100,51000,49800,42500,39300,35400,34900,28400,27600,25000,20000,17700,15700,14800,11800,11000
  35 - 39 Years,81800,85900,73500,72700,75700,76600,71500,71100,72600,71200,68300,69200,66200,60900,60500,57400,54800,45900,44600,44900,39800,34200,28100,26200,27000,20800,18100,15400,15300,13700,11400,10900,9200
  40 - 44 Years,83200,82100,71200,73500,75700,77900,67900,69400,66400,65300,60200,54800,50100,50800,48200,42700,40500,35200,36000,28700,26700,23100,18400,18100,18100,16300,15100,12100,10500,10300,9600,8500,6900
  45 - 49 Years,81600,70100,67400,67800,65200,63000,55200,50200,52700,50100,45200,41300,36000,33500,30500,26300,26800,20700,20900,19700,17100,14900,12700,13000,13200,12600,9500,8100,7600,7100,5800,4500,3700
  50 - 54 Years,61800,48300,49100,50700,48000,42600,37300,37800,32500,31800,28900,23800,22200,21200,19100,17300,18400,14100,14000,12800,12300,11900,8700,8700,7300,6600,4500,3800,4700,4300,4600,3500,2700
  55 - 59 Years,46000,36500,34900,30900,30600,28300,23700,22800,21200,21800,17600,14600,14800,13300,12500,12700,12000,8400,10100,7300,5600,4800,4300,4800,4600,3800,4200,2700,3300,3000,2500,1400,1300
  60 - 64 Years,24800,24900,20200,19100,18900,16700,15100,14100,15400,14700,12700,10500,9300,7900,6800,6700,5700,4200,4700,4700,3600,3100,2800,2300,3100,2000,1700,1500,1800,1500,1100,800,700
  65 Years & Over,38300,35700,29000,25600,24100,22700,19000,16600,17200,13200,12300,11600,9200,8700,7700,6900,7900,4900,5700,4300,3400,3200,2600,3200,2700,1800,2600,1800,1800,1800,1300,1200,900
Total Females,1606500,1547300,1564900,1527800,1500500,1482600,1460600,1434900,1422700,1391400,1367300,1352400,1333600,1312000,1263700,1269600,1244600,1190900,1175300,1166900,1131500,1095700,1061300,1058000,1039100,1005200,977300,944300,922600,892900,875900,847800,811500
  25 - 29 Years,110300,129200,140200,125700,130100,124000,130700,121700,118600,118100,115800,120000,131200,124400,121100,124000,124700,123800,121500,125200,125400,129700,131800,134400,128300,129700,128300,121300,130000,126800,137100,135600,139400
  30 - 34 Years,156100,170600,155800,143700,138900,140000,142300,143100,147600,145700,145200,149700,152600,148500,146900,152100,151100,151700,148300,152200,150000,145700,143500,149400,150900,149500,153600,148300,147700,144300,143500,143300,143500
  35 - 39 Years,162400,160300,158600,160000,161600,161400,150700,159700,148700,156100,159400,159800,164500,168700,159800,155500,153900,156500,150800,156200,160300,161300,154400,152500,153600,151200,151800,149600,145100,139400,134500,127700,123900
  40 - 44 Years,179400,161400,159100,163300,161600,165200,160300,164100,158300,162800,162900,158900,155400,157800,161100,161200,162500,157700,159500,156100,155000,155200,151600,150500,150600,142200,138200,130300,123300,123000,116600,114500,100700
  45 - 49 Years,179300,154500,160700,166600,162100,162600,156500,154900,154000,159600,161400,161500,160300,160600,155900,165000,160800,149700,150400,145800,141200,132100,128100,126100,125700,120900,115100,106200,94100,87000,78400,71300,63300
  50 - 54 Years,156500,135200,150800,160500,159700,154100,163100,160100,162800,162300,158500,155500,151700,150200,145300,142500,134600,128500,123100,121000,114500,109400,102500,92900,86400,76300,64700,66200,72300,71200,73600,68000,58400
  55 - 59 Years,152800,146800,156600,161800,148900,142200,151200,147900,149800,141500,135600,135000,125600,115500,112800,113000,110700,101600,95500,85100,76400,61800,63100,66800,66500,68300,64300,61600,61200,58600,53600,53100,50100
  60 - 64 Years,149800,156900,147100,131000,141400,133300,131200,124800,123300,114000,109800,105000,99800,94100,80800,74500,67200,61100,65100,68300,66900,63100,57200,59200,52700,50200,48500,49700,48300,47900,47300,44000,41900
  65 Years & Over,359800,332500,336100,315300,296000,299800,274700,258700,259600,231300,218700,206900,192500,192300,180000,181900,179100,160300,161000,156900,141800,137300,129100,126200,124400,116900,112800,111300,100700,94700,91200,90100,90300
Total Females - Below Secondary,369800,362700,433400,426500,441500,464700,469900,454900,468700,472700,480100,491000,499600,518900,497600,538700,543900,524400,551400,554300,547300,545900,517300,552400,554700,563700,544400,531000,549700,547300,543400,540100,535200
  25 - 29 Years,2200,2800,3900,4000,4800,4200,5100,4900,4400,5900,5200,7000,7300,8100,7700,11100,11000,11700,13300,13700,15600,18100,19400,24300,25000,26800,26400,27800,36100,40100,45100,47900,51000
  30 - 34 Years,4200,4300,6600,6200,7300,6800,7800,7700,9200,7900,8800,12300,12600,14900,14600,18000,20900,22700,27100,26400,27400,30400,32500,40500,43800,48800,52700,51300,55500,57500,56600,60700,66600
  35 - 39 Years,8300,5800,10300,9500,10700,11600,12600,12000,12600,16100,19400,19900,23300,28700,25800,29100,31400,37100,39200,45900,51900,57800,51900,57400,57800,63900,63100,64200,69300,70200,70700,70200,73000
  40 - 44 Years,11000,9700,13800,16200,16300,19100,20700,20600,23100,25700,26600,31000,35300,41200,45000,50200,54800,54300,62200,61600,62400,67000,64400,70900,71500,76500,76100,69600,72800,73100,71600,73200,68900
  45 - 49 Years,18500,16400,22500,22700,27000,28100,31900,32500,35000,42700,46100,50800,54300,57700,56100,66500,68300,65500,69900,72600,73700,72200,68000,71300,75300,76000,74800,67200,65000,62300,58200,54900,50500
  50 - 54 Years,25900,22500,33400,37400,43800,46800,52100,52100,53000,57600,60200,60200,66000,70200,69000,76800,73900,71900,74700,74400,73500,70200,65500,62900,61100,57600,48200,49800,58200,57900,61500,57000,50900
  55 - 59 Years,38300,42400,52800,54100,52700,52800,62300,61100,63500,64600,66500,69000,69400,66500,66900,70900,72500,67600,65600,59600,54900,47900,47900,54100,55400,57100,52800,50800,53000,51700,47700,48100,46700
  60 - 64 Years,51400,57000,61300,56100,68400,69400,69400,64600,67300,66200,67300,66800,65500,65000,56300,53600,50800,47600,53100,55600,56000,53800,47700,51600,45900,45600,43600,45100,44900,44300,44700,41300,40100
  65 Years & Over,210000,201800,228900,220400,210500,225800,208000,199400,200700,186000,180000,174000,165900,166600,156200,162500,160300,145800,146300,144500,132000,128500,120000,119500,118800,111500,106800,105200,94900,90300,87400,86800,87500
Total Females - Secondary,271500,281300,269300,282800,285600,271900,281800,291800,285500,280600,281900,285100,268300,304800,307700,297800,291600,256800,270900,281900,287500,276300,255900,269800,264400,248300,250700,246200,230800,217400,215400,205300,191800
  25 - 29 Years,5300,5700,7400,8000,10000,9400,10400,10600,11100,11600,12300,14000,14800,18700,19700,21600,22500,20300,23800,26300,32000,36100,31900,41100,39300,44200,46600,43800,49600,47300,55300,54300,60700
  30 - 34 Years,10900,10900,11000,12000,13500,13200,14300,16500,14800,17800,18200,19000,20200,28000,29200,31300,35400,31100,37000,45900,46100,47600,43500,51900,55000,54400,57300,56100,57600,55700,57100,55800,54000
  35 - 39 Years,14100,15400,15300,17400,17200,19700,18500,22900,20000,22200,25300,27800,29200,40600,43400,43300,45200,42400,48100,51600,53100,54700,52500,53900,56500,54000,58300,53600,51400,47400,44100,40800,36500
  40 - 44 Years,20000,18800,18500,22400,23700,27700,30600,31900,30500,34800,39600,40900,40300,50500,52400,53700,52700,48100,51500,53800,58000,53700,49700,50800,50600,42100,41200,42700,35000,34200,32200,30200,22600
  45 - 49 Years,26600,29100,27800,31800,35900,35400,37800,40300,41100,45700,48700,48300,49300,54400,54300,57600,54100,46100,46700,44200,43600,38400,36900,37500,33700,29700,26400,26100,19800,16400,12700,10700,8500
  50 - 54 Years,32800,33200,38000,46700,48100,43200,48900,50000,53300,49400,50200,53100,46300,48100,48400,38700,38500,33600,31100,29900,27500,26400,22200,19800,15900,11400,9400,10200,8100,7900,6800,6600,4600
  55 - 59 Years,40600,44800,46400,50500,45800,44300,46400,47500,47200,42000,38400,40600,33300,31400,31100,27900,24200,20900,18000,15600,14100,8400,8400,6800,6500,6500,6000,6900,4200,4000,3300,3000,2000
  60 - 64 Years,45000,49000,44300,41100,41400,36500,36000,37800,34100,30200,27200,24200,20700,17600,15500,12700,8900,7400,6900,7700,6500,5300,5100,4200,3600,2700,2600,2800,1800,2000,1700,1600,1100
  65 Years & Over,76100,74500,60500,52800,50000,42300,39000,34300,33400,27000,22000,17400,14000,15300,13700,11000,10000,6800,7800,7000,6500,5800,5700,3800,3300,3400,2900,3900,3400,2500,2100,2300,1800
Total Females - Post Secondary (Non-Tertiary),147700,130000,138800,122400,117600,118200,110600,113200,107800,104700,107300,102900,112600,72800,71600,75300,74000,102800,73400,72800,70600,67700,91800,72100,71200,68000,65100,72700,59300,55700,53200,50100,36700
  25 - 29 Years,7900,8800,10900,8400,10100,8400,9400,9000,8400,9300,9600,8600,12000,5200,6100,6700,6500,10300,6800,7900,8500,10700,17300,14000,14900,16500,15800,17900,15900,13600,14100,13600,10500
  30 - 34 Years,9700,12100,11300,10900,10300,9800,8600,9800,10300,8800,9600,10100,12700,5800,6100,9100,9500,17500,13000,13400,14600,14300,18900,14000,14300,14600,13700,16200,13900,13500,13600,14300,11100
  35 - 39 Years,12200,11100,11900,10400,10000,11100,9400,11700,10000,10400,12700,15700,18900,11800,11800,12800,14200,19200,13100,14000,13800,11200,15500,14500,14400,12800,12300,14900,11500,10800,9500,9200,7100
  40 - 44 Years,10100,10600,11800,11200,11900,13900,13400,16300,15200,17200,16900,17200,18000,11000,13100,11900,12400,17700,11300,12900,12400,12900,15400,11700,11900,10500,8900,9200,6900,8200,7000,5800,4200
  45 - 49 Years,14600,13000,17500,17600,16500,17300,17400,17900,15200,14600,17600,16200,15600,13300,11800,12900,11700,15600,12600,10100,9900,8100,10600,7400,7400,6600,6200,6800,4500,3900,3700,2600,1600
  50 - 54 Years,18100,15400,18400,17800,16200,16500,15200,16000,16200,16800,17100,14300,14900,10800,10000,9700,8200,10100,6800,5800,5500,5600,7100,4600,4200,3100,3000,3100,3000,2900,2900,2500,1000
  55 - 59 Years,19300,16000,18200,16300,16200,15500,15600,13700,15100,13000,11200,9800,9600,6800,5300,5300,5500,5900,4900,4400,2800,2000,3100,3000,2200,2300,2800,2200,2000,1400,1200,900,500
  60 - 64 Years,21000,19700,17000,12700,11400,11900,10600,8600,7500,6900,6200,5100,5500,4300,3400,3000,2600,2700,1900,2000,1900,1700,2200,1500,1200,900,1400,1100,500,500,300,500,300
  65 Years & Over,34700,23500,21700,17000,14900,13900,11000,10100,9900,7600,6300,5800,5500,3800,4100,3900,3500,3900,3000,2300,1300,1100,1700,1400,700,800,1000,1300,1000,900,800,600,400
Total Females - Diploma & Professional Qualification,265100,239000,226700,225700,215400,207300,199700,200200,198200,183400,177300,166100,165100,149100,140500,131500,122400,126400,106900,99300,86100,84500,91200,69600,61400,49500,48000,40200,33200,28000,26900,21000,18900
  25 - 29 Years,26300,28500,31000,28000,29200,29700,28900,30000,27600,27400,28500,29200,32400,32000,32100,32100,31900,32800,30700,31300,26900,27700,28200,23200,20600,17500,16000,13400,11100,10000,9200,7300,6400
  30 - 34 Years,32200,35000,32200,30700,28700,28600,31500,32400,35100,32100,33100,33400,34900,30200,32300,31300,28800,30900,26900,24500,22800,21300,21500,18100,15900,12000,11200,10000,7900,6200,6000,5100,4400
  35 - 39 Years,35500,34400,33500,34300,37300,34400,33600,35300,35600,35200,33300,31300,32800,30400,27100,24900,21900,23400,18200,15900,14300,14600,15700,10900,9400,7800,7200,7400,5000,4400,4100,2800,2600
  40 - 44 Years,43800,37100,36300,35500,36200,35500,33600,34500,32700,30800,29400,24700,23800,21800,18400,17300,15400,15200,11800,9900,8800,8300,10900,7000,6800,4400,4800,3500,3200,2600,2600,1900,2100
  45 - 49 Years,42700,32700,32200,33200,29600,30400,25500,25100,24400,22800,20500,18600,16700,14000,12800,11400,10200,10500,8000,7100,5000,5500,6200,4100,3300,3400,3500,2900,2000,1500,1800,1700,1300
  50 - 54 Years,29000,23600,23400,24200,20300,18900,19200,18400,16400,15700,13900,12900,11100,9100,7800,6500,5200,5900,4500,4700,3300,3400,4300,2800,2300,2000,2200,1400,1400,1000,1400,1100,1000
  55 - 59 Years,22300,18800,15600,17800,16100,14000,11900,11700,11000,9200,8600,6900,5800,4300,3700,3700,3600,3900,3100,2600,2600,1600,2100,1400,1200,1000,1300,800,1100,800,700,500,600
  60 - 64 Years,15800,14200,10800,10400,8200,7100,7700,5800,7100,4500,4200,4100,3900,3800,3200,2500,2500,1800,1700,1500,1200,900,1300,1200,1000,700,500,400,600,700,500,300,300
  65 Years & Over,17600,14800,11600,11600,9700,8600,7800,6900,8300,5600,5800,5000,3600,3400,3200,1900,2900,2100,2000,1800,1300,1100,1000,900,700,700,1400,300,900,600,700,300,300
Total Females - University,552400,534200,496600,470500,440400,420500,398700,374800,362400,350000,320700,307300,288100,266400,246300,226300,212700,180500,172800,158600,140000,121200,105100,94100,87500,75500,69100,54300,49600,44500,37100,31400,28900
  25 - 29 Years,68500,83500,86900,77400,76000,72200,76900,67200,67100,63900,60200,61200,64700,60400,55500,52500,52800,48800,47000,46000,42500,37000,35000,31700,28400,24700,23500,18400,17300,15800,13400,12600,10900
  30 - 34 Years,99100,108400,94600,83800,79000,81500,80200,76800,78200,79100,75400,74900,72100,69500,64700,62500,56500,49400,44300,42000,39100,32200,27100,24800,21800,19800,18800,14700,12800,11500,10100,7400,7400
  35 - 39 Years,92400,93600,87600,88300,86300,84600,76600,77700,70500,72200,68700,65200,60400,57100,51700,45400,41200,34400,32200,28800,27200,23000,18800,15900,15400,12700,11000,9400,7900,6600,6200,4700,4700
  40 - 44 Years,94600,85100,78600,78000,73500,68900,62100,60800,56900,54400,50500,45100,38000,33300,32200,28100,27300,22400,22700,18000,13400,13300,11200,10200,9900,8600,7200,5400,5300,4900,3200,3400,3000
  45 - 49 Years,76900,63300,60700,61200,53200,51400,43800,39100,38300,33800,28600,27700,24400,21200,21000,16600,16400,11900,13300,11900,9000,7800,6400,5700,6000,5300,4200,3200,2700,2900,1900,1600,1400
  50 - 54 Years,50800,40500,37600,34400,31300,28700,27800,23600,23900,22800,17100,15000,13300,12000,10200,10800,8800,7000,6000,6200,4700,3900,3400,2900,2900,2200,2000,1700,1600,1600,1000,900,800
  55 - 59 Years,32200,24800,23600,23000,18100,15600,14900,13900,12900,12700,11000,8700,7500,6400,5800,5100,4800,3400,3800,2900,2000,1900,1600,1500,1200,1400,1300,800,1000,600,800,500,300
  60 - 64 Years,16500,17000,13700,10700,12000,8400,7600,7900,7300,6200,4800,4800,4200,3300,2400,2700,2300,1600,1600,1400,1200,1300,900,800,900,400,400,300,500,300,100,300,200
  65 Years & Over,21400,17900,13300,13600,10900,9200,8900,8000,7200,5000,4500,4700,3500,3300,2800,2600,2500,1700,1900,1400,800,800,800,700,900,500,800,500,500,300,300,100,200
,,,,,,,,,,,,,,,,,,,,,,,,,,,,,,,,,
Footnotes:,,,,,,,,,,,,,,,,,,,,,,,,,,,,,,,,,
"Data pertain to residents who were not attending educational institutions as full-time students and include those who were upgrading their qualifications through part-time courses.  For more information, please refer to the 'Population Trends' publication (www.singstat.gov.sg/publications/population/population-trends).  Data for 1990, 2000, 2010 and 2020 are based on the Census of Population while data for 1995, 2005 and 2015 are based on the General Household Survey.  Data for all other years are based on the Comprehensive June Labour Force Survey.  Survey estimates are subject to sampling variability.",,,,,,,,,,,,,,,,,,,,,,,,,,,,,,,,,
,,,,,,,,,,,,,,,,,,,,,,,,,,,,,,,,,
Definitions,,,,,,,,,,,,,,,,,,,,,,,,,,,,,,,,,
Highest Qualification Attained:,,,,,,,,,,,,,,,,,,,,,,,,,,,,,,,,,
"Highest Qualification Attained (HQA) refers to the highest grade or standard a person has passed or the highest level where a vocational/skill certificate, diploma, or degree is awarded. This is achieved either through full-time or part-time study in a structured educational programme. The Singapore Standard Educational Classification (SSEC) is used to classify persons by HQA.",,,,,,,,,,,,,,,,,,,,,,,,,,,,,,,,,
,,,,,,,,,,,,,,,,,,,,,,,,,,,,,,,,,
Notation:,,,,,,,,,,,,,,,,,,,,,,,,,,,,,,,,,
na   not available or not applicable,,,,,,,,,,,,,,,,,,,,,,,,,,,,,,,,,
nec  not elsewhere classified,,,,,,,,,,,,,,,,,,,,,,,,,,,,,,,,,
nes  not elsewhere specified,,,,,,,,,,,,,,,,,,,,,,,,,,,,,,,,,
 -     nil or negligible or not significant,,,,,,,,,,,,,,,,,,,,,,,,,,,,,,,,,
Notes,,,,,,,,,,,,,,,,,,,,,,,,,,,,,,,,,
Numbers may not add up to the totals due to rounding.,,,,,,,,,,,,,,,,,,,,,,,,,,,,,,,,,
"Data are the latest available at the time of access or download. Some statistics, particularly those for the most recent time periods, are provisional and may be subject to revision at a later date.",,,,,,,,,,,,,,,,,,,,,,,,,,,,,,,,,
Values are shown in Singapore dollars (unless otherwise specified).,,,,,,,,,,,,,,,,,,,,,,,,,,,,,,,,,
,,,,,,,,,,,,,,,,,,,,,,,,,,,,,,,,,
Generated by: SingStat Table Builder,,,,,,,,,,,,,,,,,,,,,,,,,,,,,,,,,
Date generated: 08/03/2023,,,,,,,,,,,,,,,,,,,,,,,,,,,,,,,,,
Contact: info@singstat.gov.sg,,,,,,,,,,,,,,,,,,,,,,,,,,,,,,,,,
